./amber-sea-9/amber-sea-9-15.pt
./amber-sea-9/amber-sea-9-25.pt
./astral-star-16/astral-star-16-15.pt
./atomic-vortex-27/atomic-vortex-27-5.pt
./autumn-leaf-20/autumn-leaf-20-15.pt
./autumn-leaf-20/autumn-leaf-20-25.pt
./cool-frog-21/cool-frog-21-100.pt
./cool-frog-21/cool-frog-21-15.pt
./cool-frog-21/cool-frog-21-30.pt
./cool-frog-21/cool-frog-21-45.pt
./cool-frog-21/cool-frog-21-55.pt
./cool-frog-21/cool-frog-21-70.pt
./cool-frog-21/cool-frog-21-80.pt
./cool-frog-21/cool-frog-21-90.pt
./curious-mountain-78/curious-mountain-78-15.pt
./curious-mountain-78/curious-mountain-78-30.pt
./curious-mountain-78/curious-mountain-78-45.pt
./curious-mountain-78/curious-mountain-78-55.pt
./curious-mountain-78/curious-mountain-78-60.pt
./drawn-disco-33/drawn-disco-33-15.pt
./drawn-disco-33/drawn-disco-33-25.pt
./dutiful-brook-25/dutiful-brook-25-10.pt
./fallen-wildflower-8/fallen-wildflower-8-15.pt
./fallen-wildflower-8/fallen-wildflower-8-30.pt
./fallen-wildflower-8/fallen-wildflower-8-45.pt
./fallen-wildflower-8/fallen-wildflower-8-55.pt
./fiery-deluge-44/fiery-deluge-44-15.pt
./fiery-deluge-44/fiery-deluge-44-30.pt
./fiery-deluge-44/fiery-deluge-44-45.pt
./fiery-deluge-44/fiery-deluge-44-55.pt
./fiery-deluge-44/fiery-deluge-44-70.pt
./fiery-deluge-44/fiery-deluge-44-85.pt
./fiery-deluge-44/fiery-deluge-44-95.pt
./fiery-totem-7/fiery-totem-7-20.pt
./grateful-energy-30/grateful-energy-30-15.pt
./grateful-energy-30/grateful-energy-30-30.pt
./grateful-energy-30/grateful-energy-30-45.pt
./grateful-energy-30/grateful-energy-30-55.pt
./mild-firebrand-2/mild-firebrand-2-20.pt
./robust-dawn-29/robust-dawn-29-15.pt
./robust-dawn-29/robust-dawn-29-30.pt
./robust-dawn-29/robust-dawn-29-45.pt
./robust-dawn-29/robust-dawn-29-55.pt
./robust-dawn-29/robust-dawn-29-70.pt
./robust-dawn-29/robust-dawn-29-80.pt
./robust-dawn-29/robust-dawn-29-95.pt
./solar-jazz-23/solar-jazz-23-20.pt
./swept-grass-81/swept-grass-81-10.pt
./worldly-salad-31/worldly-salad-31-10.pt
./worldly-salad-31/worldly-salad-31-15.pt
./worldly_salad_no_10/worldly_salad_no_10epoch-0.pt
./worldly_salad_no_10/worldly_salad_no_10epoch-10.pt
./worldly_salad_no_10/worldly_salad_no_10epoch-5.pt
./worldly-silence-6/worldly-silence-6-15.pt
./worldly-silence-6/worldly-silence-6-20.pt
./tough-water-42/tough-water-42-1.pt
./tough-water-42/tough-water-42-2.pt
./tough-water-42/tough-water-42-3.pt
./tough-water-42/tough-water-42-4-after10.pt
./tough-water-42/tough-water-42-4.pt
./tough-water-42/tough-water-42.pt
./denim-star-41/denim-star-41.pt